name	pool	seq	size	%gc	tm (use 65)
Trpv4_v3_1_LEFT	1	TTTCCGGCCACGTCAACTTC	20	55.00	61.18
Trpv4_v3_1_RIGHT	1	GCAAACAGCTGTTGCAATATGC	22	45.45	60.08
Trpv4_v3_2_LEFT	2	GACGACTGGCCAATACAAGAGC	22	54.55	61.74
Trpv4_v3_2_RIGHT	2	AGTCCATGCATAATAACAATCATTGAGT	28	32.14	60.29
Trpv4_v3_3_LEFT	1	CGTCAAGGGCGACTCTATCAAG	22	54.55	60.97
Trpv4_v3_3_RIGHT	1	GCTAAAACCATTTCTCTTTTAGCTATCTG	29	34.48	59.97
Trpv4_v3_4_LEFT	2	TGGTTATCAGTCAATAAGCTCAGCT	25	40.00	60.49
Trpv4_v3_4_RIGHT	2	CCCACCACACTAAGCTTTGACA	22	50.00	60.93
Trpv4_v3_5_LEFT	1	AGTCCATCTTACGGTTGTGTGA	22	45.45	59.55
Trpv4_v3_5_RIGHT	1	CCTTTCATATTCAGTTCCTGTTCACC	26	42.31	60.56
Trpv4_v3_6_LEFT	2	CCATGTTTCAGTTTCAGAGAATGGT	25	40.00	60.14
Trpv4_v3_6_RIGHT	2	TGGCTTACAGAAGTAGGAGTTAGAGA	26	42.31	60.97
Trpv4_v3_7_LEFT	1	ACCCACTCAGAAGAAAAGGCG	21	52.38	60.65
Trpv4_v3_7_RIGHT	1	ACACTTACCACCAAGCCCAAAT	22	45.45	60.61
Trpv4_v3_8_LEFT	2	TGGTCTCGAGAGTTTTGGAGGT	22	50.00	61.20
Trpv4_v3_8_RIGHT	2	TACAGGGCTCAATTCAGGAGGT	22	50.00	61.02
Trpv4_v3_9_LEFT	1	TCAAACTCATTTTGCTATAGGAATCATGT	29	31.03	60.52
Trpv4_v3_9_RIGHT	1	TGGAGTTGTTGCCAGGTGTCT	21	52.38	61.97
Trpv4_v3_10_LEFT	2	GCTGCTGCTTTTGTACCTACTGT	23	47.83	61.61
Trpv4_v3_10_RIGHT	2	TCTAACTCTTTGTTCATTAATCTGTCAGC	29	34.48	60.72
Trpv4_v3_11_LEFT	1	TGGATGAGGCAGCAAAACATCA	22	45.45	61.00
Trpv4_v3_11_RIGHT	1	TTAACTCCACCTCCTCCTCCAG	22	54.55	60.75
Trpv4_v3_12_LEFT	2	ATTGGTACCCCTGAGGAGTCTG	22	54.55	61.08
Trpv4_v3_12_RIGHT	2	TGCAACATCCTTGATTACAATAGCA	25	36.00	59.73
Trpv4_v3_13_LEFT	1	GCTCATTTTACTCCCAGAGATTTTCA	26	38.46	60.06
Trpv4_v3_13_RIGHT	1	TGGAAATTCATAATGATGAGACCAGTG	27	37.04	60.21
Trpv4_v3_14_LEFT	2	AGAGGCAGAGAAATTGATCAACAGA	25	40.00	60.67
Trpv4_v3_14_RIGHT	2	ACCTGTCACTTGTAGCAGGATT	22	45.45	59.54
Trpv4_v3_15_LEFT	1	AATTATGTTCCAGGGCCAGCTC	22	50.00	60.87
Trpv4_v3_15_RIGHT	1	TTTGGGCTGTACACTGTATCAGT	23	43.48	59.93
Trpv4_v3_16_LEFT	2	CATCTAGAGTTGTTCAGATAGATGGTGA	28	39.29	60.76
Trpv4_v3_16_RIGHT	2	TGCGGCGCTTAACTAAAAACTG	22	45.45	60.53
Trpv4_v3_17_LEFT	1	TGGAACCCAAATCCTTTATCATATGATTG	29	34.48	60.83
Trpv4_v3_17_RIGHT	1	AGTAATTGCGCGCAATCCATTG	22	45.45	60.97
